{
    "display": {
        "icon":{
            "item":"minecraft:compass",
            "nbt":"{}"
        },
        "title": "Worlds Whirled",
        "description": "Travel the three realms to avoid the whirlwind",
        "announce_to_chat":  "false",
        "background": "minecraft:textures/gui/advancements/backgrounds/stone.png"
    },
    "criteria":
    {
        "immediate":
        {
            "trigger":"tick",
            "conditions":{}
        }
    },
    "rewards": {
      "function":"worlds_whirled:give_book"
    }
}