{
  "effects": {
    "sky_color": 994575,
    "fog_color": 8421504,
    "foliage_color": 9226340,
    "grass_color": 8570970,
    "grass_color_modifier": "none",
    "water_color": 557688,
    "water_fog_color": 1991810
  },
"carvers": {
  "air": [
  ]
},
"features": [
  [],
  [],
  [],
  [],
  [],
  [
      "worlds_whirled:ore_dirt_buried",
      "worlds_whirled:ore_log",
      "worlds_whirled:ore_kelp",
      "worlds_whirled:ore_coal_block",
      "minecraft:ore_gravel",
      "minecraft:ore_coal_upper",
      "minecraft:ore_coal_lower",
      "minecraft:ore_iron_upper",
      "minecraft:ore_iron_middle",
      "minecraft:ore_iron_small",
      "minecraft:ore_gold",
      "minecraft:ore_gold_lower",
      "minecraft:ore_redstone",
      "minecraft:ore_redstone_lower",
      "minecraft:ore_diamond",
      "minecraft:ore_diamond_large",
      "minecraft:ore_diamond_buried",
      "minecraft:ore_lapis",
      "minecraft:ore_lapis_buried",
      "minecraft:underwater_magma",
      "minecraft:disk_sand",
      "minecraft:disk_clay",
      "minecraft:disk_gravel"
  ],
  [],
  [],
  [
  ],
  [
    
  ]
],
"spawners": {
  "creature": [
  ],
  "monster": [
    {
      "type": "minecraft:stray",
      "weight": 15,
      "minCount": 1,
      "maxCount": 2
    },
    {
      "type": "minecraft:skeleton",
      "weight": 15,
      "minCount": 1,
      "maxCount": 2
    }
  ],
    "ambient": [
      
    ],
  "axolotls": [],
  "underground_water_creature": [
  ],
  "water_ambient": [
    
  ],
  "water_creature": [
    
  ],
  "misc": []
},
"spawn_costs": {
  "minecraft:wandering_trader": {
    "energy_budget": 0.1,
    "charge": 9.0
  }
},
"has_precipitation": true,
"temperature": 1.0,
"downfall": 2.0,
"category": "none"
}