{
  "effects": {
    "sky_color": 994575,
    "fog_color": 8421504,
    "foliage_color": 9226340,
    "grass_color": 8570970,
    "grass_color_modifier": "none",
    "water_color": 557688,
    "water_fog_color": 1991810
  },
"carvers": {
  "air": [
  ]
},
"features": [
  [],
  [],
  [],
  [],
  [],
  [],
  [],
  [],
  [
  ],
  [
    "worlds_whirled:palm",
    "worlds_whirled:underwater_vegetation",
    "worlds_whirled:patch_berries",
    "worlds_whirled:patch_moss_carpet",
    "minecraft:patch_sugar_cane",
    "minecraft:patch_grass_taiga",
    "minecraft:trees_sparse_jungle",
    "minecraft:warm_ocean_vegetation",
    "minecraft:vines",
    "minecraft:kelp_warm",
    "minecraft:seagrass_normal"
  ]
],
"spawners": {
  "creature": [
    {
      "type": "minecraft:wandering_trader",
      "weight": 15,
      "minCount": 1,
      "maxCount": 1
    },
    {
      "type": "minecraft:sheep",
      "weight": 15,
      "minCount": 1,
      "maxCount": 4
    },
    {
      "type": "minecraft:llama",
      "weight": 15,
      "minCount": 1,
      "maxCount": 4
    },
    {
      "type": "minecraft:cow",
      "weight": 8,
      "minCount": 1,
      "maxCount": 4
    },
    {
      "type": "minecraft:fox",
      "weight": 5,
      "minCount": 1,
      "maxCount": 2
    },
    {
      "type": "minecraft:allay",
      "weight": 1,
      "minCount": 1,
      "maxCount": 1
    }
  ],
  "monster": [
    {
      "type": "minecraft:creeper",
      "weight": 15,
      "minCount": 1,
      "maxCount": 2
    },
    {
      "type": "minecraft:spider",
      "weight": 15,
      "minCount": 1,
      "maxCount": 2
    },
    {
      "type": "minecraft:skeleton",
      "weight": 15,
      "minCount": 1,
      "maxCount": 2
    },
    {
      "type": "minecraft:drowned",
      "weight": 15,
      "minCount": 1,
      "maxCount": 2
    }
  ],
    "ambient": [
      
    ],
  "axolotls": [],
  "underground_water_creature": [
  ],
  "water_ambient": [
    {
      "type": "minecraft:pufferfish",
      "maxCount": 3,
      "minCount": 1,
      "weight": 15
    },
    {
      "type": "minecraft:tropical_fish",
      "maxCount": 8,
      "minCount": 8,
      "weight": 25
    }
  ],
  "water_creature": [
    {
      "type": "minecraft:squid",
      "maxCount": 4,
      "minCount": 4,
      "weight": 10
    },
    {
      "type": "minecraft:dolphin",
      "maxCount": 2,
      "minCount": 1,
      "weight": 2
    }
  ],
  "misc": []
},
"spawn_costs": {
  "minecraft:wandering_trader": {
    "energy_budget": 0.1,
    "charge": 9.0
  }
},
"has_precipitation": true,
"temperature": 1.0,
"downfall": 2.0,
"category": "none"
}