[
    {
        "condition": "minecraft:location_check",
        "offsetY": 0,
        "predicate": {
            "block": {
                "blocks": [
                    "minecraft:glow_lichen"
                ]
            }
        }
    },
    {
        "condition": "minecraft:location_check",
        "offsetY": -1,
        "predicate": {
            "block": {
                "blocks": [
                    "minecraft:flowering_azalea_leaves"
                ]
            }
        }
    },
    {
        "condition": "minecraft:location_check",
        "offsetY": -2,
        "predicate": {
            "block": {
                "blocks": [
                    "minecraft:spore_blossom"
                ]
            }
        }
    }
]