[
    {
        "condition": "minecraft:any_of",
        "terms": [
            {
                "condition": "minecraft:reference",
                "name": "worlds_whirled:in_terror_overworld"
            },
            {
                "condition": "minecraft:reference",
                "name": "worlds_whirled:in_terror_snowverworld"
            },
            {
                "condition": "minecraft:reference",
                "name": "worlds_whirled:in_terror_looticrus"
            }
        ]
    }
]