{
  "type": "worlds_whirled:looticrus",
  "generator": {
    "biome_source": {
      "biomes": [
        {
          "biome": "worlds_whirled:palm_jungle",
          "parameters": {
            "erosion": [0.0,1.5],
            "depth": 0.0,
            "weirdness": 0.3,
            "offset": 0.0,
            "temperature": 0.0,
            "humidity": 0.0,
            "continentalness": 0.0
          }
        }
      ],
      "type": "minecraft:multi_noise"
    },
    "settings": "worlds_whirled:looticrus",
    "type": "minecraft:noise"
  }
}