{
  "type": "minecraft:tree",
  "config": {
    "decorators": [
    ],
    "dirt_provider": {
      "type": "minecraft:simple_state_provider",
      "state": {
        "Name": "minecraft:clay"
      }
    },
    "foliage_placer": {
      "type": "minecraft:jungle_foliage_placer",
      "height": 2,
      "offset": 0,
      "radius": 2
    },
    "foliage_provider": {
      "type": "minecraft:simple_state_provider",
      "state": {
        "Name": "minecraft:mangrove_roots",
        "Properties": {
          "waterlogged": "true"
        }
      }
    },
    "force_dirt": false,
    "ignore_vines": true,
    "minimum_size": {
      "type": "minecraft:two_layers_feature_size",
      "limit": 1,
      "lower_size": 1,
      "upper_size": 2
    },
    "trunk_placer": {
      "type": "minecraft:forking_trunk_placer",
      "base_height": 10,
      "height_rand_a": 2,
      "height_rand_b": 19
    },
    "trunk_provider": {
      "type": "minecraft:simple_state_provider",
      "state": {
        "Name": "minecraft:muddy_mangrove_roots"
      }
    }
  }
}