{
  "config": {
    "cap_provider": {
      "state": {
        "Properties": {
          "persistent": "false",
          "distance": "1",
          "waterlogged": "false"
        },
        "Name": "minecraft:jungle_leaves"
      },
      "type": "minecraft:simple_state_provider"
    },
    "stem_provider": {
      "state": {
        "Properties": {
          "axis":"y"
        },
        "Name": "minecraft:jungle_log"
      },
      "type": "minecraft:simple_state_provider"
    },
    "foliage_radius": 2
  },
  "type": "minecraft:huge_brown_mushroom"
}