{
  "feature": "worlds_whirled:mega_underwater_tree",
  "placement": [
    {
      "type": "minecraft:count",
      "count": 16
    },
    {
      "type": "minecraft:in_square"
    },
    {
      "type": "minecraft:heightmap",
      "heightmap": "OCEAN_FLOOR"
    },
    {
      "type": "minecraft:biome"
    },
    {
      "type": "minecraft:block_predicate_filter",
      "predicate": {
        "type": "minecraft:matching_fluids",
        "offset": [
          0,
          0,
          0
        ],
        "fluids": "#minecraft:water"
      }
    },
    {
      "type": "minecraft:block_predicate_filter",
      "predicate": {
        "type": "minecraft:would_survive",
        "state": {
          "Name": "minecraft:mangrove_propagule",
          "Properties": {
            "age": "0",
            "hanging": "false",
            "stage": "0",
            "waterlogged": "true"
          }
        }
      }
    }
  ]
}