{
  "type": "chest",
  "pools": [
    {
      "rolls": 1,
      "entries": [
        {
          "type": "minecraft:item",
          "conditions": [
          ],
          "functions": [
          ],
          "weight":85,
          "name": "minecraft:golden_carrot"
        },
        {
          "type": "minecraft:item",
          "conditions": [
          ],
          "functions": [
          ],
          "weight":14,
          "name": "minecraft:golden_apple"
        },
        {
          "type": "minecraft:item",
          "conditions": [
          ],
          "functions": [
          ],
          "weight":1,
          "name": "minecraft:enchanted_golden_apple"
        }
      ]
    }
  ]
}