{
    "type": "chest",
    "pools": [
        {
            "rolls": 6,
            "entries": [
                {
                    "type": "item",
                    "weight": 1,
                    "name": "minecraft:golden_apple",
                    "functions": [
                        {
                            "function": "set_count",
                            "count": {
                                "min": 1,
                                "max": 12,
                                "type": "minecraft:uniform"
                              }
                        }
                    ]
                },
                {
                    "type": "item",
                    "weight": 1,
                    "name": "minecraft:golden_carrot",
                    "functions": [
                        {
                            "function": "set_count",
                            "count": {
                                "min": 1,
                                "max": 12,
                                "type": "minecraft:uniform"
                              }
                        }
                    ]
                }
            ]
        },
        {
            "rolls": 3,
            "entries": [
                {
                    "type": "item",
                    "weight": 1,
                    "name": "minecraft:iron_ingot",
                    "functions": [
                        {
                            "function": "set_count",
                            "count": {
                                "min": 1,
                                "max": 12,
                                "type": "minecraft:uniform"
                              }
                        }
                    ]
                },
                {
                    "conditions": [
                        {
                          "condition": "random_chance",
                          "chance": 0.5
                        }
                      ],
                    "type": "item",
                    "weight": 1,
                    "name": "minecraft:golden_shovel",
                    "functions": [
                        {
                            "function": "set_nbt",
                            "tag": "{Enchantments: [{}], display: {Name: '{\"text\":\"Heavenly Snowshovel\", \"italic\":\"false\"}'}}"
                        }
                    ]
                },
                {
                    "conditions": [
                        {
                          "condition": "random_chance",
                          "chance": 0.04
                        }
                      ],
                    "type": "item",
                    "weight": 1,
                    "name": "minecraft:end_crystal",
                    "functions": [
                        {
                            "function": "set_count",
                            "count": {
                                "min": 1,
                                "max": 2,
                                "type": "minecraft:uniform"
                              }
                        }
                    ]
                }
            ]
        },
        {
            "rolls":2,
            "entries":[
                {
                    "type": "item",
                    "weight": 1,
                    "name": "minecraft:budding_amethyst",
                    "functions": [
                        {
                            "function": "set_count",
                            "count": {
                                "min": 1,
                                "max": 12,
                                "type": "minecraft:uniform"
                              }
                        }
                    ]
                },
                {
                    "type": "item",
                    "weight": 1,
                    "name": "minecraft:white_glazed_terracotta",
                    "functions": [
                        {
                            "function": "set_count",
                            "count": {
                                "min": 64,
                                "max": 64,
                                "type": "minecraft:uniform"
                              }
                        }
                    ]
                },
                {
                    "type": "item",
                    "weight": 1,
                    "name": "minecraft:orange_glazed_terracotta",
                    "functions": [
                        {
                            "function": "set_count",
                            "count": {
                                "min": 64,
                                "max": 64,
                                "type": "minecraft:uniform"
                              }
                        }
                    ]
                },
                {
                    "type": "item",
                    "weight": 1,
                    "name": "minecraft:magenta_glazed_terracotta",
                    "functions": [
                        {
                            "function": "set_count",
                            "count": {
                                "min": 64,
                                "max": 64,
                                "type": "minecraft:uniform"
                              }
                        }
                    ]
                },
                {
                    "type": "item",
                    "weight": 1,
                    "name": "minecraft:light_blue_glazed_terracotta",
                    "functions": [
                        {
                            "function": "set_count",
                            "count": {
                                "min": 64,
                                "max": 64,
                                "type": "minecraft:uniform"
                              }
                        }
                    ]
                },
                {
                    "type": "item",
                    "weight": 1,
                    "name": "minecraft:yellow_glazed_terracotta",
                    "functions": [
                        {
                            "function": "set_count",
                            "count": {
                                "min": 64,
                                "max": 64,
                                "type": "minecraft:uniform"
                              }
                        }
                    ]
                },
                {
                    "type": "item",
                    "weight": 1,
                    "name": "minecraft:lime_glazed_terracotta",
                    "functions": [
                        {
                            "function": "set_count",
                            "count": {
                                "min": 64,
                                "max": 64,
                                "type": "minecraft:uniform"
                              }
                        }
                    ]
                },
                {
                    "type": "item",
                    "weight": 1,
                    "name": "minecraft:pink_glazed_terracotta",
                    "functions": [
                        {
                            "function": "set_count",
                            "count": {
                                "min": 64,
                                "max": 64,
                                "type": "minecraft:uniform"
                              }
                        }
                    ]
                },
                {
                    "type": "item",
                    "weight": 1,
                    "name": "minecraft:gray_glazed_terracotta",
                    "functions": [
                        {
                            "function": "set_count",
                            "count": {
                                "min": 64,
                                "max": 64,
                                "type": "minecraft:uniform"
                              }
                        }
                    ]
                },
                {
                    "type": "item",
                    "weight": 1,
                    "name": "minecraft:light_gray_glazed_terracotta",
                    "functions": [
                        {
                            "function": "set_count",
                            "count": {
                                "min": 64,
                                "max": 64,
                                "type": "minecraft:uniform"
                              }
                        }
                    ]
                },
                {
                    "type": "item",
                    "weight": 1,
                    "name": "minecraft:cyan_glazed_terracotta",
                    "functions": [
                        {
                            "function": "set_count",
                            "count": {
                                "min": 64,
                                "max": 64,
                                "type": "minecraft:uniform"
                              }
                        }
                    ]
                },
                {
                    "type": "item",
                    "weight": 1,
                    "name": "minecraft:purple_glazed_terracotta",
                    "functions": [
                        {
                            "function": "set_count",
                            "count": {
                                "min": 64,
                                "max": 64,
                                "type": "minecraft:uniform"
                              }
                        }
                    ]
                },
                {
                    "type": "item",
                    "weight": 1,
                    "name": "minecraft:blue_glazed_terracotta",
                    "functions": [
                        {
                            "function": "set_count",
                            "count": {
                                "min": 64,
                                "max": 64,
                                "type": "minecraft:uniform"
                              }
                        }
                    ]
                },
                {
                    "type": "item",
                    "weight": 1,
                    "name": "minecraft:brown_glazed_terracotta",
                    "functions": [
                        {
                            "function": "set_count",
                            "count": {
                                "min": 64,
                                "max": 64,
                                "type": "minecraft:uniform"
                              }
                        }
                    ]
                },
                {
                    "type": "item",
                    "weight": 1,
                    "name": "minecraft:green_glazed_terracotta",
                    "functions": [
                        {
                            "function": "set_count",
                            "count": {
                                "min": 64,
                                "max": 64,
                                "type": "minecraft:uniform"
                              }
                        }
                    ]
                },
                {
                    "type": "item",
                    "weight": 1,
                    "name": "minecraft:red_glazed_terracotta",
                    "functions": [
                        {
                            "function": "set_count",
                            "count": {
                                "min": 64,
                                "max": 64,
                                "type": "minecraft:uniform"
                              }
                        }
                    ]
                },
                {
                    "type": "item",
                    "weight": 1,
                    "name": "minecraft:black_glazed_terracotta",
                    "functions": [
                        {
                            "function": "set_count",
                            "count": {
                                "min": 64,
                                "max": 64,
                                "type": "minecraft:uniform"
                              }
                        }
                    ]
                }
            ]
        }
    ]
}