{
    "type": "chest",
    "pools": [
        {
            "rolls": 6,
            "entries": [
                {
                    "type": "loot_table",
                    "weight": 6,
                    "name": "worlds_whirled:wealth",
                    "functions": [
                    ]
                },
                {
                    "type": "loot_table",
                    "weight": 6,
                    "name": "worlds_whirled:normal_food",
                    "functions": [
                        {
                            "function": "minecraft:set_count",
                            "count": {
                              "min": 4,
                              "max": 10,
                              "type": "minecraft:uniform"
                            }
                          }
                    ]
                },
                {
                    "type": "loot_table",
                    "weight": 1,
                    "name": "worlds_whirled:epic_food",
                    "functions": [
                        {
                            "function": "minecraft:set_count",
                            "count": {
                              "min": 1,
                              "max": 6,
                              "type": "minecraft:uniform"
                            }
                          }
                    ]
                },
                {
                    "type": "loot_table",
                    "weight": 1,
                    "name": "worlds_whirled:reward_portal_stuff",
                    "functions": [
                    ]
                },
                {
                    "type": "loot_table",
                    "weight": 1,
                    "name": "worlds_whirled:normal_tool",
                    "functions": [
                        {
                            "function": "minecraft:enchant_randomly"
                          }
                    ]
                },
                {
                    "type": "loot_table",
                    "weight": 2,
                    "name": "worlds_whirled:normal_armor",
                    "functions": [
                        {
                            "function": "minecraft:enchant_randomly"
                          }
                    ]
                },
                {
                    "type": "loot_table",
                    "weight": 1,
                    "name": "worlds_whirled:normal_weapon",
                    "functions": [
                        {
                            "function": "minecraft:enchant_randomly"
                          }
                    ]
                },
                {
                    "type": "loot_table",
                    "weight": 6,
                    "name": "worlds_whirled:normal_tool",
                    "functions": [
                    ]
                },
                {
                    "type": "loot_table",
                    "weight": 5,
                    "name": "worlds_whirled:normal_armor",
                    "functions": [
                    ]
                },
                {
                    "type": "loot_table",
                    "weight": 1,
                    "name": "worlds_whirled:normal_weapon",
                    "functions": [
                    ]
                }
            ]
        }
    ]
}