{
    "type": "chest",
    "pools": [
        {
            "rolls": 1,
            "entries": [
                {
                    "type": "item",
                    "weight": 1,
                    "name": "minecraft:bread",
                    "functions": [
                        {
                            "function": "set_nbt",
                            "tag":"{nbt:\"blessed_bread\", display: {Name: '{\"text\":\"Blessed Bread\", \"italic\":\"false\"}'}}"
                        }
                    ]
                },
                {
                    "type": "item",
                    "weight": 1,
                    "name": "minecraft:cookie",
                    "functions": [
                        {
                            "function": "set_nbt",
                            "tag":"{nbt:\"polly_cracker\", display: {Name: '{\"text\":\"Last Cracker of Polly\", \"italic\":\"false\"}'}}"
                        }
                    ]
                },
                {
                    "type": "item",
                    "weight": 1,
                    "name": "minecraft:sweet_berries",
                    "functions": [
                        {
                            "function": "set_nbt",
                            "tag":"{nbt:\"tart_berries\", display: {Name: '{\"text\":\"Tart Berries\", \"italic\":\"false\"}'}}"
                        }
                    ]
                },
                {
                    "type": "item",
                    "weight": 1,
                    "name": "minecraft:milk_bucket",
                    "functions": [
                        {
                            "function": "set_nbt",
                            "tag":"{nbt:\"dolphin_milk\", Enchantments:[{}], display: {Name: '{\"text\":\"Dolphin Milk\", \"italic\":\"false\"}'}}"
                        }
                    ]
                },
                {
                    "type": "item",
                    "weight": 1,
                    "name": "minecraft:tropical_fish",
                    "functions": [
                        {
                            "function": "set_nbt",
                            "tag":"{nbt:\"lucky_fish\", display: {Name: '{\"text\":\"Lucky Fish\", \"italic\":\"false\"}'}}"
                        }
                    ]
                }
            ]
        }
    ]
}