{
  "type": "chest",
  "pools": [
    {
      "rolls": 1,
      "entries": [
        {
          "type": "minecraft:item",
          "functions": [
            
          ],
          "weight": 40,
          "name": "minecraft:wooden_sword"
        },
        {
          "type": "minecraft:item",
          "functions": [
            
          ],
          "weight": 30,
          "name": "minecraft:stone_sword"
        },
        {
          "type": "minecraft:item",
          "functions": [
            
          ],
          "weight": 20,
          "name": "minecraft:iron_sword"
        },
        {
          "type": "minecraft:item",
          "functions": [
            
          ],
          "weight": 5,
          "name": "minecraft:golden_sword"
        },
        {
          "type": "minecraft:item",
          "functions": [
            
          ],
          "weight": 4,
          "name": "minecraft:diamond_sword"
        },
        {
          "type": "minecraft:item",
          "functions": [
            
          ],
          "weight": 1,
          "name": "minecraft:netherite_sword"
        }
      ]
    }
  ]
}