{
  "type": "chest",
  "pools": [
    {
      "rolls": 1,
      "entries": [
        {
          "type": "minecraft:item",
          "functions": [
            
          ],
          "weight": 40,
          "name": "minecraft:leather_boots"
        },
        {
          "type": "minecraft:item",
          "functions": [
            
          ],
          "weight": 30,
          "name": "minecraft:iron_boots"
        },
        {
          "type": "minecraft:item",
          "functions": [
            
          ],
          "weight": 20,
          "name": "minecraft:chainmail_boots"
        },
        {
          "type": "minecraft:item",
          "functions": [
            
          ],
          "weight": 5,
          "name": "minecraft:golden_boots"
        },
        {
          "type": "minecraft:item",
          "functions": [
            
          ],
          "weight": 4,
          "name": "minecraft:diamond_boots"
        },
        {
          "type": "minecraft:item",
          "functions": [
            
          ],
          "weight": 1,
          "name": "minecraft:netherite_boots"
        },
        {
          "type": "minecraft:item",
          "functions": [
            
          ],
          "weight": 40,
          "name": "minecraft:leather_leggings"
        },
        {
          "type": "minecraft:item",
          "functions": [
            
          ],
          "weight": 30,
          "name": "minecraft:iron_leggings"
        },
        {
          "type": "minecraft:item",
          "functions": [
            
          ],
          "weight": 20,
          "name": "minecraft:chainmail_leggings"
        },
        {
          "type": "minecraft:item",
          "functions": [
            
          ],
          "weight": 5,
          "name": "minecraft:golden_leggings"
        },
        {
          "type": "minecraft:item",
          "functions": [
            
          ],
          "weight": 4,
          "name": "minecraft:diamond_leggings"
        },
        {
          "type": "minecraft:item",
          "functions": [
            
          ],
          "weight": 1,
          "name": "minecraft:netherite_leggings"
        },
        {
          "type": "minecraft:item",
          "functions": [
            
          ],
          "weight": 40,
          "name": "minecraft:leather_chestplate"
        },
        {
          "type": "minecraft:item",
          "functions": [
            
          ],
          "weight": 30,
          "name": "minecraft:iron_chestplate"
        },
        {
          "type": "minecraft:item",
          "functions": [
            
          ],
          "weight": 20,
          "name": "minecraft:chainmail_chestplate"
        },
        {
          "type": "minecraft:item",
          "functions": [
            
          ],
          "weight": 5,
          "name": "minecraft:golden_chestplate"
        },
        {
          "type": "minecraft:item",
          "functions": [
            
          ],
          "weight": 4,
          "name": "minecraft:diamond_chestplate"
        },
        {
          "type": "minecraft:item",
          "functions": [
            
          ],
          "weight": 1,
          "name": "minecraft:netherite_chestplate"
        },
        {
          "type": "minecraft:item",
          "functions": [
            
          ],
          "weight": 40,
          "name": "minecraft:leather_helmet"
        },
        {
          "type": "minecraft:item",
          "functions": [
            
          ],
          "weight": 30,
          "name": "minecraft:iron_helmet"
        },
        {
          "type": "minecraft:item",
          "functions": [
            
          ],
          "weight": 20,
          "name": "minecraft:chainmail_helmet"
        },
        {
          "type": "minecraft:item",
          "functions": [
            
          ],
          "weight": 5,
          "name": "minecraft:golden_helmet"
        },
        {
          "type": "minecraft:item",
          "functions": [
            
          ],
          "weight": 4,
          "name": "minecraft:diamond_helmet"
        },
        {
          "type": "minecraft:item",
          "functions": [
            
          ],
          "weight": 1,
          "name": "minecraft:netherite_helmet"
        }
      ]
    }
  ]
}