{
  "type": "chest",
  "pools": [
    {
      "rolls": 1,
      "entries": [
        {
          "type": "minecraft:item",
          "functions": [
            
          ],
          "weight": 40,
          "name": "minecraft:wooden_pickaxe"
        },
        {
          "type": "minecraft:item",
          "functions": [
            
          ],
          "weight": 30,
          "name": "minecraft:stone_pickaxe"
        },
        {
          "type": "minecraft:item",
          "functions": [
            
          ],
          "weight": 20,
          "name": "minecraft:iron_pickaxe"
        },
        {
          "type": "minecraft:item",
          "functions": [
            
          ],
          "weight": 5,
          "name": "minecraft:golden_pickaxe"
        },
        {
          "type": "minecraft:item",
          "functions": [
            
          ],
          "weight": 4,
          "name": "minecraft:diamond_pickaxe"
        },
        {
          "type": "minecraft:item",
          "functions": [
            
          ],
          "weight": 1,
          "name": "minecraft:netherite_pickaxe"
        },
        {
          "type": "minecraft:item",
          "functions": [
            
          ],
          "weight": 40,
          "name": "minecraft:wooden_axe"
        },
        {
          "type": "minecraft:item",
          "functions": [
            
          ],
          "weight": 30,
          "name": "minecraft:stone_axe"
        },
        {
          "type": "minecraft:item",
          "functions": [
            
          ],
          "weight": 20,
          "name": "minecraft:iron_axe"
        },
        {
          "type": "minecraft:item",
          "functions": [
            
          ],
          "weight": 5,
          "name": "minecraft:golden_axe"
        },
        {
          "type": "minecraft:item",
          "functions": [
            
          ],
          "weight": 4,
          "name": "minecraft:diamond_axe"
        },
        {
          "type": "minecraft:item",
          "functions": [
            
          ],
          "weight": 1,
          "name": "minecraft:netherite_axe"
        },
        {
          "type": "minecraft:item",
          "functions": [
            
          ],
          "weight": 40,
          "name": "minecraft:wooden_hoe"
        },
        {
          "type": "minecraft:item",
          "functions": [
            
          ],
          "weight": 30,
          "name": "minecraft:stone_hoe"
        },
        {
          "type": "minecraft:item",
          "functions": [
            
          ],
          "weight": 20,
          "name": "minecraft:iron_hoe"
        },
        {
          "type": "minecraft:item",
          "functions": [
            
          ],
          "weight": 5,
          "name": "minecraft:golden_hoe"
        },
        {
          "type": "minecraft:item",
          "functions": [
            
          ],
          "weight": 4,
          "name": "minecraft:diamond_hoe"
        },
        {
          "type": "minecraft:item",
          "functions": [
            
          ],
          "weight": 1,
          "name": "minecraft:netherite_hoe"
        },
        {
          "type": "minecraft:item",
          "functions": [
            
          ],
          "weight": 40,
          "name": "minecraft:wooden_shovel"
        },
        {
          "type": "minecraft:item",
          "functions": [
            
          ],
          "weight": 30,
          "name": "minecraft:stone_shovel"
        },
        {
          "type": "minecraft:item",
          "functions": [
            
          ],
          "weight": 20,
          "name": "minecraft:iron_shovel"
        },
        {
          "type": "minecraft:item",
          "functions": [
            
          ],
          "weight": 5,
          "name": "minecraft:golden_shovel"
        },
        {
          "type": "minecraft:item",
          "functions": [
            
          ],
          "weight": 4,
          "name": "minecraft:diamond_shovel"
        },
        {
          "type": "minecraft:item",
          "functions": [
            
          ],
          "weight": 1,
          "name": "minecraft:netherite_shovel"
        }
      ]
    }
  ]
}