{
  "type": "chest",
  "pools": [
    {
      "rolls": 1,
      "entries": [
        {
          "type": "minecraft:item",
          "conditions": [
          ],
          "functions": [
          ],
          "weight":1,
          "name": "minecraft:apple"
        },
        {
          "type": "minecraft:item",
          "conditions": [
          ],
          "functions": [
          ],
          "weight":1,
          "name": "minecraft:baked_potato"
        },
        {
          "type": "minecraft:item",
          "conditions": [
          ],
          "functions": [
          ],
          "weight":1,
          "name": "minecraft:beetroot"
        },
        {
          "type": "minecraft:item",
          "conditions": [
          ],
          "functions": [
          ],
          "weight":1,
          "name": "minecraft:dried_kelp"
        },
        {
          "type": "minecraft:item",
          "conditions": [
          ],
          "functions": [
          ],
          "weight":1,
          "name": "minecraft:beef"
        },
        {
          "type": "minecraft:item",
          "conditions": [
          ],
          "functions": [
          ],
          "weight":1,
          "name": "minecraft:mutton"
        },
        {
          "type": "minecraft:item",
          "conditions": [
          ],
          "functions": [
          ],
          "weight":1,
          "name": "minecraft:porkchop"
        },
        {
          "type": "minecraft:item",
          "conditions": [
          ],
          "functions": [
          ],
          "weight":1,
          "name": "minecraft:rabbit"
        },
        {
          "type": "minecraft:item",
          "conditions": [
          ],
          "functions": [
          ],
          "weight":1,
          "name": "minecraft:chicken"
        },
        {
          "type": "minecraft:item",
          "conditions": [
          ],
          "functions": [
          ],
          "weight":1,
          "name": "minecraft:cod"
        },
        {
          "type": "minecraft:item",
          "conditions": [
          ],
          "functions": [
          ],
          "weight":1,
          "name": "minecraft:salmon"
        },
        {
          "type": "minecraft:item",
          "conditions": [
          ],
          "functions": [
          ],
          "weight":1,
          "name": "minecraft:tropical_fish"
        },
        {
          "type": "minecraft:item",
          "conditions": [
          ],
          "functions": [
          ],
          "weight":1,
          "name": "minecraft:bread"
        },
        {
          "type": "minecraft:item",
          "conditions": [
          ],
          "functions": [
          ],
          "weight":1,
          "name": "minecraft:cookie"
        },
        {
          "type": "minecraft:item",
          "conditions": [
          ],
          "functions": [
          ],
          "weight":1,
          "name": "minecraft:pumpkin_pie"
        }
      ]
    }
  ]
}