{
    "type": "chest",
    "pools": [
        {
            "rolls": 6,
            "entries": [
                {
                    "type": "item",
                    "weight": 1,
                    "name": "minecraft:budding_amethyst",
                    "functions": [
                        {
                            "function": "set_count",
                            "count": {
                                "min": 1,
                                "max": 12,
                                "type": "minecraft:uniform"
                              }
                        }
                    ]
                },
                {
                    "type": "item",
                    "weight": 1,
                    "name": "minecraft:ghast_tear",
                    "functions": [
                        {
                            "function": "set_count",
                            "count": {
                                "min": 1,
                                "max": 12,
                                "type": "minecraft:uniform"
                              }
                        }
                    ]
                },
                {
                    "type": "item",
                    "weight": 1,
                    "name": "minecraft:enchanted_book",
                    "functions": [
                        {
                            "function": "set_nbt",
                            "tag":"{StoredEnchantments: [{lvl: 1s, id: \"minecraft:multishot\"}]}"
                        }
                    ]
                },
                {
                    "type": "item",
                    "weight": 1,
                    "name": "minecraft:gold_block",
                    "functions": [
                        {
                            "function": "set_count",
                            "count": {
                                "min": 1,
                                "max": 12,
                                "type": "minecraft:uniform"
                              }
                        }
                    ]
                },
                {
                    "type": "item",
                    "weight": 1,
                    "name": "minecraft:golden_apple",
                    "functions": [
                        {
                            "function": "set_count",
                            "count": {
                                "min": 1,
                                "max": 12,
                                "type": "minecraft:uniform"
                              }
                        }
                    ]
                },
                {
                    "type": "item",
                    "weight": 1,
                    "name": "minecraft:crying_obsidian",
                    "functions": [
                        {
                            "function": "set_count",
                            "count": {
                                "min": 1,
                                "max": 12,
                                "type": "minecraft:uniform"
                              }
                        }
                    ]
                },
                {
                    "type": "item",
                    "weight": 1,
                    "name": "minecraft:golden_carrot",
                    "functions": [
                        {
                            "function": "set_count",
                            "count": {
                                "min": 48,
                                "max": 64,
                                "type": "minecraft:uniform"
                              }
                        }
                    ]
                },
                {
                    "type": "item",
                    "weight": 1,
                    "name": "minecraft:clock",
                    "functions": [
                        
                    ]
                },
                {
                    "type": "item",
                    "weight": 1,
                    "name": "minecraft:enchanted_book",
                    "functions": [
                        {
                            "function": "set_count",
                            "count": {
                                "min": 48,
                                "max": 64,
                                "type": "minecraft:uniform"
                              }
                        }
                    ]
                },
                {
                    "type": "item",
                    "weight": 1,
                    "name": "minecraft:enchanted_book",
                    "functions": [
                        {
                            "function": "set_nbt",
                            "tag":"{StoredEnchantments: [{lvl: 5s, id: \"minecraft:sharpness\"}]}"
                        }
                    ]
                },
                {
                    "type": "item",
                    "weight": 1,
                    "name": "minecraft:enchanted_book",
                    "functions": [
                        {
                            "function": "set_nbt",
                            "tag":"{StoredEnchantments: [{lvl: 1s, id: \"minecraft:mending\"}]}"
                        }
                    ]
                },
                {
                    "type": "item",
                    "weight": 1,
                    "name": "minecraft:enchanted_book",
                    "functions": [
                        {
                            "function": "set_nbt",
                            "tag":"{StoredEnchantments: [{lvl: 3s, id: \"minecraft:unbreaking\"}]}"
                        }
                    ]
                },
                {
                    "type": "item",
                    "weight": 1,
                    "name": "minecraft:enchanted_book",
                    "functions": [
                        {
                            "function": "set_nbt",
                            "tag":"{StoredEnchantments: [{lvl: 5s, id: \"minecraft:piercing\"}]}"
                        }
                    ]
                }
            ]
        }
    ]
}