{
  "type": "chest",
  "pools": [
    {
      "rolls": 1,
      "entries": [
        {
          "type": "minecraft:item",
          "conditions": [
          ],
          "functions": [
          ],
          "weight":10,
          "name": "minecraft:reinforced_deepslate"
        },
        {
          "type": "minecraft:item",
          "conditions": [
          ],
          "functions": [
            {
                "function": "set_nbt",
                "tag":"{nbt:\"reinforced_flint_and_steel\", display: {Name: '{\"text\":\"Reinforced Flint And Steel\", \"italic\":\"false\"}'}}"
            }
        ],
          "weight":1,
          "name": "minecraft:flint_and_steel"
        }
      ]
    }
  ]
}