{
    "type": "chest",
    "pools": [
        {
            "rolls": 6,
            "entries": [
                {
                    "type": "item",
                    "weight": 1,
                    "name": "minecraft:potion",
                    "functions": [
                        {
                            "function": "set_count",
                            "count": {
                                "min": 1,
                                "max": 1,
                                "type": "minecraft:uniform"
                            }
                        },
                        {
                            "function": "set_nbt",
                            "tag": "{Potion:\"minecraft:invisibility\"}"
                        }
                    ]
                },
                {
                    "type": "item",
                    "weight": 1,
                    "name": "minecraft:saddle",
                    "functions": [
                    ]
                },
                {
                    "type": "item",
                    "weight": 1,
                    "name": "minecraft:dark_oak_boat",
                    "functions": [
                    ]
                },
                {
                    "type": "item",
                    "weight": 1,
                    "name": "minecraft:iron_pickaxe",
                    "functions": [
                        {
                            "function": "set_count",
                            "count": {
                                "min": 1,
                                "max": 1,
                                "type": "minecraft:uniform"
                            }
                        },
                        {
                            "function": "set_nbt",
                            "tag": "{Enchantments:[{id:\"minecraft:efficiency\", lvl:2}]}"
                        }
                    ]
                },
                {
                    "type": "item",
                    "weight": 1,
                    "name": "minecraft:totem_of_undying",
                    "functions": [
                        {
                            "function": "set_count",
                            "count": {
                                "min": 1,
                                "max": 1,
                                "type": "minecraft:uniform"
                            }
                        }
                    ]
                },
                {
                    "type": "item",
                    "weight": 1,
                    "name": "minecraft:string",
                    "functions": [
                        {
                            "function": "set_count",
                            "count": {
                                "min": 1,
                                "max": 20,
                                "type": "minecraft:uniform"
                            }
                        }
                    ]
                },
                {
                    "type": "item",
                    "weight": 1,
                    "name": "minecraft:pumpkin_pie",
                    "functions": [
                        {
                            "function": "set_count",
                            "count": {
                                "min": 1,
                                "max": 64,
                                "type": "minecraft:uniform"
                            }
                        }
                    ]
                },
                {
                    "type": "item",
                    "weight": 1,
                    "name": "minecraft:coal",
                    "functions": [
                        {
                            "function": "set_count",
                            "count": {
                                "min": 1,
                                "max": 64,
                                "type": "minecraft:uniform"
                            }
                        },
                        {
                            "function": "set_nbt",
                            "tag": "{nbt:\"soul_coal\", Enchantments: [{}], display: {Name: '{\"text\":\"Soul Coal\", \"italic\":\"false\"}'}}"
                        }
                    ]
                },
                {
                    "type": "item",
                    "weight": 1,
                    "name": "minecraft:potion",
                    "functions": [
                        {
                            "function": "set_nbt",
                            "tag": "{CustomPotionEffects: [{Duration: 999, Id: 11, Amplifier: 4s}], CustomPotionColor: 16777215, display: {Name: '{\"text\":\"49 Second Immortality\", \"italic\":\"false\"}'}}"
                        }
                    ]
                },
                {
                    "type": "item",
                    "weight": 1,
                    "name": "minecraft:skeleton_horse_spawn_egg",
                    "functions": [
                        {
                            "function": "set_count",
                            "count": {
                                "min": 1,
                                "max": 12,
                                "type": "minecraft:uniform"
                            }
                        },
                        {
                            "function": "set_nbt",
                            "tag": "{RepairCost: 0, display: {Name: '{\"text\":\"Loot Horse\"}'}}"
                        }
                    ]
                }
            ]
        }
    ]
}