{
    "type": "chest",
    "pools": [
        {
            "rolls": 6,
            "entries": [
                {
                    "type": "item",
                    "weight": 1,
                    "name": "minecraft:bread",
                    "functions": [
                        {
                            "function": "set_count",
                            "count": {
                                "min": 1,
                                "max": 12,
                                "type": "minecraft:uniform"
                              }
                        }
                    ]
                },
                {
                    "type": "item",
                    "weight": 1,
                    "name": "minecraft:emerald",
                    "functions": [
                        {
                            "function": "set_count",
                            "count": {
                                "min": 1,
                                "max": 12,
                                "type": "minecraft:uniform"
                              }
                        }
                    ]
                },
                {
                    "type": "item",
                    "weight": 1,
                    "name": "minecraft:charcoal",
                    "functions": [
                        {
                            "function": "set_count",
                            "count": {
                                "min": 1,
                                "max": 12,
                                "type": "minecraft:uniform"
                              }
                        }
                    ]
                },
                {
                    "type": "item",
                    "weight": 1,
                    "name": "minecraft:string",
                    "functions": [
                        {
                            "function": "set_count",
                            "count": {
                                "min": 1,
                                "max": 12,
                                "type": "minecraft:uniform"
                              }
                        }
                    ]
                },
                {
                    "type": "item",
                    "weight": 1,
                    "name": "minecraft:ice",
                    "functions": [
                        {
                            "function": "set_count",
                            "count": {
                                "min": 1,
                                "max": 64,
                                "type": "minecraft:uniform"
                              }
                        }
                    ]
                },
                {
                    "type": "item",
                    "weight": 1,
                    "name": "minecraft:iron_ingot",
                    "functions": [
                        {
                            "function": "set_count",
                            "count": {
                                "min": 1,
                                "max": 12,
                                "type": "minecraft:uniform"
                              }
                        }
                    ]
                },
                {
                    "type": "item",
                    "weight": 1,
                    "name": "minecraft:cooked_chicken",
                    "functions": [
                        {
                            "function": "set_count",
                            "count": {
                                "min": 1,
                                "max": 12,
                                "type": "minecraft:uniform"
                              }
                        }
                    ]
                },
                {
                    "type": "item",
                    "weight": 1,
                    "name": "minecraft:bone_meal",
                    "functions": [
                        {
                            "function": "set_count",
                            "count": {
                                "min": 1,
                                "max": 12,
                                "type": "minecraft:uniform"
                              }
                        }
                    ]
                }
            ]
        }
    ]
}